Attribute1,Attribute2,Attribute3,Attribute4,Attribute5,Attribute6,Attribute7,Attribute8,Attribute9,Attribute10,Attribute11,Attribute12,Attribute13,Attribute14,Attribute15,Attribute16,Attribute17,Attribute18,Attribute19,Attribute20,Attribute21,Attribute22,Attribute23,Attribute24,Attribute25,Attribute26,Attribute27,Attribute28,Attribute29,Attribute30,Attribute31,Attribute32,Attribute33,Attribute34
-9,-10,-10.3196625,-10.453115,-10.46835,-10.56397,-10.925585,-10.8056125,-11.212085,-10.92148,-11.3840425,-10.886725,-11.4332575,-10.7466025,-11.378995,-10.667725,-11.4035575,-10.8571525,-11.3488975,-10.78823,-11.3422975,-10.892815,-11.3668525,-11.1641575,-11.35786,-11.0661225,-10.78383,-11.338215,-11.3251975,-10.823325,-11.28643,-10.9066675,-11.2206475,-10.670865
11,10,11.7917975,10.582565,11.88101,10.87383,12.106135,11.1964475,12.252435,11.4076,12.3630575,11.303835,12.3887625,11.0477375,12.298325,10.894995,12.3392625,10.8267475,12.2481625,10.68793,12.2371625,10.837705,12.2780875,10.9619025,12.2631,10.8904975,12.07021,11.048585,12.2086625,10.740515,12.14405,10.8641925,12.0344125,10.677175
