radius_mean,texture_mean,perimeter_mean,area_mean,smoothness_mean,compactness_mean,concavity_mean,concave points_mean,symmetry_mean,fractal_dimension_mean,radius_se,texture_se,perimeter_se,area_se,smoothness_se,compactness_se,concavity_se,concave points_se,symmetry_se,fractal_dimension_se,radius_worst,texture_worst,perimeter_worst,area_worst,smoothness_worst,compactness_worst,concavity_worst,concave points_worst,symmetry_worst,fractal_dimension_worst
-5.266093537717318,-5.092731886438174,-2.905368952109296,-2.212720818740446,-730.0934943339005,-198.1962833908096,-131.3410610002538,-268.3898595719149,-375.19340326964334,-1383.8073299851214,-36.341256214846155,-21.843041297368252,-6.581165124391613,-1.5107337700545174,-3217.4087798567607,-558.706838014315,-335.05986248286604,-1608.527542803103,-1251.2234029722265,-3778.916796221285,-4.5784079622313705,-4.556664824332853,-2.8808773977898507,-2.157052053701967,-437.4696052316316,-69.9951617780514,-53.88971759179415,-159.76139026842407,-162.90467893068015,-574.0220631483728
5.019113828424676,5.009966337048222,2.6892568147817864,1.8875616436740918,730.0750515690557,197.97560601938028,131.13676571261843,268.32164112571104,375.08099986934184,1383.5990405546872,36.002470717655555,21.65149566116656,6.208149207889442,1.1388811598479411,3217.1538755867923,558.4184955290526,334.8140408545511,1608.2860220586867,1250.960527032659,3778.6237857963138,4.416810445608125,4.521539108949008,2.7229647681653133,1.8686556018165938,437.4285483755637,69.91518060589303,53.68759297431764,159.74026906866564,162.77133175591885,573.8200253571691
