diagnosis,radius_mean,texture_mean,perimeter_mean,area_mean,smoothness_mean,compactness_mean,concavity_mean,concave points_mean,symmetry_mean,fractal_dimension_mean,radius_se,texture_se,perimeter_se,area_se,smoothness_se,compactness_se,concavity_se,concave points_se,symmetry_se,fractal_dimension_se,radius_worst,texture_worst,perimeter_worst,area_worst,smoothness_worst,compactness_worst,concavity_worst,concave points_worst,symmetry_worst,fractal_dimension_worst
1,11.89,17.36,76.2,435.6,0.1225,0.0721,0.05929,0.07404,0.2015,0.05875,0.6412,2.293,4.021,48.84,0.01418,0.01489,0.01267,0.0191,0.02678,0.003002,12.4,18.99,197.335,472.4,0.1359,0.08368,0.07153,10.306105,0.222,0.06033
1,13.11,22.54,87.02,529.4,0.1002,0.1483,0.08705,0.05102,0.185,0.0731,0.1931,0.9223,1.491,15.09,0.005251,0.03041,0.02526,0.008304,0.02514,0.004198,37.46,29.16,99.48,639.3,0.1349,0.4402,0.3162,10.306105,0.4128,0.1076
1,13.96,17.05,91.43,602.4,0.1096,0.1279,0.09789,0.05246,0.1908,0.0613,0.425,0.8098,2.563,35.74,0.006351,0.02679,0.03119,0.01342,0.02062,0.002695,16.39,52.68,197.335,826.0,0.1512,0.3262,0.3209,0.1374,0.3068,0.07957
1,14.44,15.18,93.97,640.1,0.0997,0.1021,0.08487,0.05532,0.1724,0.06081,0.2406,0.7394,2.12,21.2,0.005706,0.02297,0.03114,0.01493,0.01454,0.002528,15.85,52.68,108.6,766.9,0.1316,0.2735,10.7855,0.1599,0.2691,0.07683
1,31.9,27.85,92.55,623.9,0.08223,0.1039,0.1103,0.04408,0.1342,0.06129,0.3354,2.324,2.105,29.96,0.006307,0.02845,0.0385,0.01011,0.01185,0.003589,15.75,40.54,102.5,764.0,0.1081,0.2426,0.3064,10.306105,0.189,0.07796
1,13.51,18.89,88.1,558.1,0.1059,0.1147,0.0858,0.05381,0.1806,0.06079,10.84865,1.332,1.513,19.29,0.005442,0.01957,0.03304,0.01367,0.01315,0.002464,14.8,27.2,197.335,675.2,0.1428,0.257,0.3438,0.1453,0.2666,0.07686
1,15.13,29.81,96.71,719.5,0.0832,0.04605,0.04686,10.154535,0.1852,0.05294,0.4681,1.627,3.043,45.38,0.006831,0.01427,0.02489,0.009087,0.03151,0.00175,17.26,36.91,110.1,931.4,0.1148,0.09866,0.1547,10.306105,0.3233,0.06165
