diagnosis,radius_mean,texture_mean,perimeter_mean,area_mean,smoothness_mean,compactness_mean,concavity_mean,concave points_mean,symmetry_mean,fractal_dimension_mean,radius_se,texture_se,perimeter_se,area_se,smoothness_se,compactness_se,concavity_se,concave points_se,symmetry_se,fractal_dimension_se,radius_worst,texture_worst,perimeter_worst,area_worst,smoothness_worst,compactness_worst,concavity_worst,concave points_worst,symmetry_worst,fractal_dimension_worst
1,13.11,22.54,87.02,529.4,0.1002,0.1483,0.08705,0.05102,0.185,0.0731,0.1931,0.9223,1.491,96.2,0.005251,0.03041,0.02526,0.008304,0.02514,0.004198,37.46,29.16,99.48,639.3,0.1349,0.4402,0.3162,0.1126,0.4128,0.1076
1,13.96,40.245,91.43,602.4,0.1096,0.1279,0.09789,0.05246,0.1908,0.0613,0.425,0.8098,2.563,96.2,0.006351,0.02679,0.03119,0.01342,0.02062,0.002695,16.39,22.07,108.1,1947.05,0.1512,0.3262,0.3209,0.1374,0.3068,0.07957
1,14.44,15.18,93.97,640.1,0.0997,0.1021,10.28241,0.05532,0.1724,0.06081,0.2406,0.7394,2.12,21.2,0.005706,0.02297,0.03114,0.01493,0.01454,0.002528,15.85,52.68,108.6,766.9,0.1316,0.2735,0.3103,0.1599,0.2691,0.07683
1,14.22,27.85,92.55,623.9,0.08223,0.1039,0.1103,0.04408,0.1342,0.06129,0.3354,2.324,2.105,29.96,0.006307,0.02845,0.0385,0.01011,0.01185,10.008023,15.75,40.54,102.5,764.0,0.1081,0.2426,0.3064,10.306105,0.189,0.07796
